{
    "level": 1,
    "name": "TUTORIAL",
    "plats": [
        [
            455.31428571428575,
            5799.331103678929
        ],
        [
            49.371428571428574,
            5686.95652173913
        ],
        [
            448.9142857142857,
            5483.277591973244
        ],
        [
            170.05714285714285,
            5353.846153846154,
            "SPECIAL"
        ],
        [
            404.1142857142857,
            5053.846153846154
        ],
        [
            83.2,
            4868.227424749164
        ],
        [
            585.1428571428571,
            4704.6822742474915
        ],
        [
            118.85714285714286,
            4568.227424749164
        ],
        [
            117.94285714285715,
            4393.645484949832
        ],
        [
            520.2285714285714,
            4230.1003344481605
        ],
        [
            520.2285714285714,
            4058.5284280936453
        ],
        [
            176.45714285714286,
            3922.0735785953175,
            "SPECIAL"
        ],
        [
            301.7142857142857,
            3648.160535117057,
            "FINISH"
        ]
    ]
}